Years,x10_min,rank,Probability,Frequency
"2011-2012",64.8,1,33.3333333333333,3
"2009-2010",57.6,2,66.6666666666667,1.5
