Years,x10_min,rank,Probability,Frequency
"2010-2011",29.4,1,33.3333333333333,3
"2009-2010",18.6,2,66.6666666666667,1.5
