Years,x10_min,rank,Probability,Frequency
"2009-2010",46.2,1,33.3333333333333,3
"2011-2012",29.4,2,66.6666666666667,1.5
