Years,x1_5_hr,rank,Probability,Frequency
"2010-2011",19.8,1,25,4
"2009-2010",10.2,2,50,2
"2011-2012",7.73333333333333,3,75,1.33333333333333
