Years,x1_5_hr,rank,Probability,Frequency
"2010-2011",18.4666666666667,1,25,4
"2009-2010",10.9333333333333,2,50,2
"2011-2012",10.2666666666667,3,75,1.33333333333333
