Years,x1_5_hr,rank,Probability,Frequency
"2019-2020",13,1,25,4
"2021-2022",9.86666666666667,2,50,2
"2020-2021",9.26666666666667,3,75,1.33333333333333
