Years,x1_5_hr,rank,Probability,Frequency
"2011-2012",30.6,1,25,4
"2010-2011",18.1333333333333,2,50,2
"2009-2010",13.8,3,75,1.33333333333333
