Years,x1_5_hr,rank,Probability,Frequency
"2011-2012",14.3333333333333,1,25,4
"2010-2011",13.3333333333333,2,50,2
"2009-2010",9.73333333333333,3,75,1.33333333333333
