Years,x1_5_hr,rank,Probability,Frequency
"2009-2010",25.9333333333333,1,33.3333333333333,3
"2011-2012",14.1333333333333,2,66.6666666666667,1.5
