Years,x1_5_hr,rank,Probability,Frequency
"2010-2011",21.5333333333333,1,25,4
"2009-2010",16.9333333333333,2,50,2
"2011-2012",14.6,3,75,1.33333333333333
