Years,x1_5_hr,rank,Probability,Frequency
"2010-2011",24.2,1,25,4
"2011-2012",23.4666666666667,2,50,2
"2009-2010",20.6666666666667,3,75,1.33333333333333
