Years,x1_5_hr,rank,Probability,Frequency
"2009-2010",15.2666666666667,1,25,4
"2010-2011",11.2,2,50,2
"2011-2012",11,3,75,1.33333333333333
