Years,x1_5_hr,rank,Probability,Frequency
"2009-2010",21,1,16.6666666666667,6
"2010-2011",21,2,33.3333333333333,3
"2008-2009",15.1333333333333,3,50,2
"2011-2012",10.8666666666667,4,66.6666666666667,1.5
"2007-2008",8.4,5,83.3333333333333,1.2
