Years,x1_5_hr,rank,Probability,Frequency
"2010-2011",16,1,25,4
"2009-2010",14.8666666666667,2,50,2
"2011-2012",14.4666666666667,3,75,1.33333333333333
