Years,x1_5_hr,rank,Probability,Frequency
"2011-2012",17.4,1,25,4
"2010-2011",12.9333333333333,2,50,2
"2009-2010",11.9333333333333,3,75,1.33333333333333
