Years,x1_5_hr,rank,Probability,Frequency
"2009-2010",9,1,33.3333333333333,3
"2010-2011",3.53333333333333,2,66.6666666666667,1.5
