Years,x1_5_hr,rank,Probability,Frequency
"2011-2012",33.3333333333333,1,25,4
"2009-2010",12.0666666666667,2,50,2
"2010-2011",10.3333333333333,3,75,1.33333333333333
