Years,x1_5_hr,rank,Probability,Frequency
"2010-2011",23.5333333333333,1,25,4
"2011-2012",19.4666666666667,2,50,2
"2009-2010",16.1333333333333,3,75,1.33333333333333
