Years,x1_5_hr,rank,Probability,Frequency
"2009-2010",17.8666666666667,1,33.3333333333333,3
"2011-2012",9.73333333333333,2,66.6666666666667,1.5
