Years,x1_5_hr,rank,Probability,Frequency
"2009-2010",12.2,1,33.3333333333333,3
"2010-2011",7,2,66.6666666666667,1.5
