Years,x1_5_hr,rank,Probability,Frequency
"2010-2011",4.93333333333333,1,33.3333333333333,3
"2009-2010",4.53333333333333,2,66.6666666666667,1.5
