Years,x1_5_hr,rank,Probability,Frequency
"2009-2010",19.8666666666667,1,25,4
"2011-2012",10.6,2,50,2
"2010-2011",10,3,75,1.33333333333333
