Years,x1_5_hr,rank,Probability,Frequency
"2011-2012",3.4,1,33.3333333333333,3
"2010-2011",2.4,2,66.6666666666667,1.5
