Years,x1_5_hr,rank,Probability,Frequency
"2010-2011",18.2666666666667,1,25,4
"2011-2012",13.6666666666667,2,50,2
"2009-2010",11.4,3,75,1.33333333333333
