Years,x1_5_hr,rank,Probability,Frequency
"2009-2010",18.2666666666667,1,25,4
"2011-2012",10.1333333333333,2,50,2
"2010-2011",9.13333333333333,3,75,1.33333333333333
