Years,x1_5_hr,rank,Probability,Frequency
"2010-2011",9,1,33.3333333333333,3
"2011-2012",7.26666666666667,2,66.6666666666667,1.5
