Years,x1_5_hr,rank,Probability,Frequency
"2009-2010",25.4,1,33.3333333333333,3
"2010-2011",18.4666666666667,2,66.6666666666667,1.5
