Years,x1_5_hr,rank,Probability,Frequency
"2009-2010",34.8666666666667,1,25,4
"2010-2011",31.5333333333333,2,50,2
"2011-2012",21,3,75,1.33333333333333
