Years,x1_5_hr,rank,Probability,Frequency
"2011-2012",18.4666666666667,1,33.3333333333333,3
"2009-2010",15.2,2,66.6666666666667,1.5
