Years,x1_hr,rank,Probability,Frequency
"2010-2011",12.2,1,33.3333333333333,3
"2011-2012",9.7,2,66.6666666666667,1.5
