Years,x1_hr,rank,Probability,Frequency
"2010-2011",7.4,1,33.3333333333333,3
"2009-2010",6.8,2,66.6666666666667,1.5
