Years,x1_hr,rank,Probability,Frequency
"2009-2010",20.3,1,33.3333333333333,3
"2011-2012",10.7,2,66.6666666666667,1.5
