Years,x1_hr,rank,Probability,Frequency
"2011-2012",7.8,1,33.3333333333333,3
"2010-2011",7.5,2,66.6666666666667,1.5
