Years,x1_hr,rank,Probability,Frequency
"2011-2012",5.1,1,33.3333333333333,3
"2010-2011",3.1,2,66.6666666666667,1.5
