Years,x1_hr,rank,Probability,Frequency
"2009-2010",17.2,1,33.3333333333333,3
"2010-2011",8.7,2,66.6666666666667,1.5
