Years,x1_hr,rank,Probability,Frequency
"2009-2010",20.2,1,33.3333333333333,3
"2011-2012",8.5,2,66.6666666666667,1.5
