Years,x1_hr,rank,Probability,Frequency
"2009-2010",37.3,1,33.3333333333333,3
"2011-2012",11.8,2,66.6666666666667,1.5
