Years,x1_hr,rank,Probability,Frequency
"2011-2012",14,1,33.3333333333333,3
"2009-2010",11.9,2,66.6666666666667,1.5
