Years,x20_min,rank,Probability,Frequency
"2011-2012",38.4,1,33.3333333333333,3
"2009-2010",35.7,2,66.6666666666667,1.5
