Years,x20_min,rank,Probability,Frequency
"2011-2012",14.4,1,33.3333333333333,3
"2010-2011",5.1,2,66.6666666666667,1.5
