Years,x20_min,rank,Probability,Frequency
"2010-2011",21.3,1,33.3333333333333,3
"2009-2010",13.2,2,66.6666666666667,1.5
