Years,x20_min,rank,Probability,Frequency
"2009-2010",28.8,1,33.3333333333333,3
"2010-2011",17.1,2,66.6666666666667,1.5
