Years,x20_min,rank,Probability,Frequency
"2010-2011",48,1,33.3333333333333,3
"2009-2010",47.4,2,66.6666666666667,1.5
