Years,x20_min,rank,Probability,Frequency
"2011-2012",31.5,1,33.3333333333333,3
"2009-2010",19.8,2,66.6666666666667,1.5
