Years,x20_min,rank,Probability,Frequency
"2010-2011",19.2,1,33.3333333333333,3
"2011-2012",19.2,2,66.6666666666667,1.5
