Years,x2_5_hr,rank,Probability,Frequency
"2009-2010",6.68,1,33.3333333333333,3
"2010-2011",0.6,2,66.6666666666667,1.5
