Years,x2_5_hr,rank,Probability,Frequency
"2010-2011",18.36,1,33.3333333333333,3
"2009-2010",18.16,2,66.6666666666667,1.5
