Years,x2_5_hr,rank,Probability,Frequency
"2011-2012",3.2,1,33.3333333333333,3
"2010-2011",1.8,2,66.6666666666667,1.5
