Years,x2_5_hr,rank,Probability,Frequency
"2009-2010",8.36,1,33.3333333333333,3
"2011-2012",5.96,2,66.6666666666667,1.5
