Years,x2_5_hr,rank,Probability,Frequency
"2010-2011",2.96,1,33.3333333333333,3
"2009-2010",2.92,2,66.6666666666667,1.5
