Years,x2_hr,rank,Probability,Frequency
"2003-2004",68.5,1,11.1111111111111,9
"2002-2003",22.5,2,22.2222222222222,4.5
"2008-2009",16.25,3,33.3333333333333,3
"2009-2010",15.1,4,44.4444444444444,2.25
"2006-2007",11.75,5,55.5555555555556,1.8
"2007-2008",11.4,6,66.6666666666667,1.5
"2011-2012",10.2,7,77.7777777777778,1.28571428571429
"2005-2006",8.65,8,88.8888888888889,1.125
