Years,x2_hr,rank,Probability,Frequency
"2010-2011",3.7,1,33.3333333333333,3
"2009-2010",3.45,2,66.6666666666667,1.5
