Years,x2_hr,rank,Probability,Frequency
"2009-2010",19.75,1,33.3333333333333,3
"2010-2011",18.8,2,66.6666666666667,1.5
