Years,x2_hr,rank,Probability,Frequency
"2011-2012",6.6,1,33.3333333333333,3
"2010-2011",5.65,2,66.6666666666667,1.5
