Years,x2_hr,rank,Probability,Frequency
"2009-2010",17.8,1,33.3333333333333,3
"2011-2012",10.75,2,66.6666666666667,1.5
