Years,x30_min,rank,Probability,Frequency
"2011-2012",41.6,1,33.3333333333333,3
"2009-2010",33.4,2,66.6666666666667,1.5
