Years,x30_min,rank,Probability,Frequency
"2009-2010",43.4,1,33.3333333333333,3
"2010-2011",40.4,2,66.6666666666667,1.5
