Years,x30_min,rank,Probability,Frequency
"2009-2010",37.4,1,33.3333333333333,3
"2011-2012",14.8,2,66.6666666666667,1.5
