Years,x30_min,rank,Probability,Frequency
"2010-2011",17.8,1,33.3333333333333,3
"2011-2012",15.4,2,66.6666666666667,1.5
