Years,x30_min,rank,Probability,Frequency
"2011-2012",10.2,1,33.3333333333333,3
"2010-2011",4.2,2,66.6666666666667,1.5
