Years,x3_5_hr,rank,Probability,Frequency
"2011-2012",14.3142857142857,1,25,4
"2009-2010",7.8,2,50,2
"2010-2011",7.11428571428571,3,75,1.33333333333333
