Years,x3_5_hr,rank,Probability,Frequency
"2009-2010",9.62857142857143,1,33.3333333333333,3
"2011-2012",5.68571428571429,2,66.6666666666667,1.5
