Years,x3_5_hr,rank,Probability,Frequency
"2009-2010",6.02857142857143,1,33.3333333333333,3
"2011-2012",5.8,2,66.6666666666667,1.5
