Years,x3_5_hr,rank,Probability,Frequency
"2009-2010",5.08571428571429,1,33.3333333333333,3
"2010-2011",0.428571428571429,2,66.6666666666667,1.5
