Years,x3_5_hr,rank,Probability,Frequency
"2009-2010",11.1428571428571,1,33.3333333333333,3
"2011-2012",7.77142857142857,2,66.6666666666667,1.5
