Years,x3_5_hr,rank,Probability,Frequency
"2010-2011",9.37142857142857,1,25,4
"2011-2012",7.71428571428572,2,50,2
"2009-2010",5.94285714285714,3,75,1.33333333333333
