Years,x3_5_hr,rank,Probability,Frequency
"2009-2010",7.11428571428571,1,25,4
"2010-2011",3,2,50,2
"2011-2012",0.0285714285714286,3,75,1.33333333333333
