Years,x3_5_hr,rank,Probability,Frequency
"2009-2010",9.14285714285714,1,33.3333333333333,3
"2011-2012",5.37142857142857,2,66.6666666666667,1.5
