Years,x3_5_hr,rank,Probability,Frequency
"2009-2010",12.9428571428571,1,25,4
"2010-2011",7.62857142857143,2,50,2
"2011-2012",7.08571428571429,3,75,1.33333333333333
