Years,x3_5_hr,rank,Probability,Frequency
"2010-2011",18.6857142857143,1,25,4
"2009-2010",16.0571428571429,2,50,2
"2011-2012",15.1714285714286,3,75,1.33333333333333
