Years,x3_5_hr,rank,Probability,Frequency
"2009-2010",13.6571428571429,1,25,4
"2010-2011",7.6,2,50,2
"2011-2012",6.6,3,75,1.33333333333333
