Years,x3_5_hr,rank,Probability,Frequency
"2011-2012",9.74285714285714,1,33.3333333333333,3
"2009-2010",8.14285714285714,2,66.6666666666667,1.5
