Years,x3_5_hr,rank,Probability,Frequency
"2009-2010",6.25714285714286,1,33.3333333333333,3
"2011-2012",4.77142857142857,2,66.6666666666667,1.5
