Years,x3_5_hr,rank,Probability,Frequency
"2009-2010",13.4857142857143,1,33.3333333333333,3
"2011-2012",7.82857142857143,2,66.6666666666667,1.5
