Years,x3_5_hr,rank,Probability,Frequency
"2009-2010",7.77142857142857,1,33.3333333333333,3
"2011-2012",4.31428571428571,2,66.6666666666667,1.5
