Years,x3_5_hr,rank,Probability,Frequency
"2010-2011",14.0285714285714,1,25,4
"2009-2010",7.31428571428571,2,50,2
"2011-2012",6.91428571428571,3,75,1.33333333333333
