Years,x3_5_hr,rank,Probability,Frequency
"2011-2012",13.0857142857143,1,25,4
"2010-2011",8.4,2,50,2
"2009-2010",8.05714285714286,3,75,1.33333333333333
