Years,x3_5_hr,rank,Probability,Frequency
"2010-2011",8.88571428571429,1,25,4
"2011-2012",6.34285714285714,2,50,2
"2009-2010",5.77142857142857,3,75,1.33333333333333
