Years,x3_5_hr,rank,Probability,Frequency
"2009-2010",9.57142857142857,1,33.3333333333333,3
"2010-2011",5.71428571428572,2,66.6666666666667,1.5
