Years,x3_5_hr,rank,Probability,Frequency
"2010-2011",8.51428571428571,1,25,4
"2011-2012",7.77142857142857,2,50,2
"2009-2010",5.22857142857143,3,75,1.33333333333333
