Years,x3_5_hr,rank,Probability,Frequency
"2011-2012",19.0571428571429,1,25,4
"2010-2011",8.94285714285714,2,50,2
"2009-2010",6.48571428571429,3,75,1.33333333333333
