Years,x3_5_hr,rank,Probability,Frequency
"2009-2010",11.3142857142857,1,33.3333333333333,3
"2011-2012",6.74285714285714,2,66.6666666666667,1.5
