Years,x3_5_hr,rank,Probability,Frequency
"2009-2010",9.74285714285714,1,25,4
"2011-2012",8.62857142857143,2,50,2
"2010-2011",6.45714285714286,3,75,1.33333333333333
