Years,x3_5_hr,rank,Probability,Frequency
"2011-2012",4.94285714285714,1,33.3333333333333,3
"2010-2011",4.37142857142857,2,66.6666666666667,1.5
