Years,x3_5_hr,rank,Probability,Frequency
"2009-2010",2.88571428571429,1,33.3333333333333,3
"2010-2011",2.11428571428571,2,66.6666666666667,1.5
