Years,x3_5_hr,rank,Probability,Frequency
"2019-2020",9.94285714285714,1,25,4
"2021-2022",6.62857142857143,2,50,2
"2020-2021",5.91428571428571,3,75,1.33333333333333
