Years,x3_5_hr,rank,Probability,Frequency
"2011-2012",9.08571428571429,1,33.3333333333333,3
"2009-2010",6.77142857142857,2,66.6666666666667,1.5
