Years,x3_5_hr,rank,Probability,Frequency
"2009-2010",9.54285714285714,1,25,4
"2010-2011",9.42857142857143,2,50,2
"2011-2012",6.42857142857143,3,75,1.33333333333333
