Years,x3_5_hr,rank,Probability,Frequency
"2010-2011",9.54285714285714,1,25,4
"2009-2010",7.08571428571429,2,50,2
"2011-2012",6.68571428571429,3,75,1.33333333333333
