Years,x3_5_hr,rank,Probability,Frequency
"2010-2011",14.8571428571429,1,33.3333333333333,3
"2009-2010",14.0857142857143,2,66.6666666666667,1.5
