Years,x3_5_hr,rank,Probability,Frequency
"2011-2012",6.51428571428571,1,33.3333333333333,3
"2009-2010",6.22857142857143,2,66.6666666666667,1.5
