Years,x3_5_hr,rank,Probability,Frequency
"2011-2012",14.1428571428571,1,25,4
"2010-2011",14.0285714285714,2,50,2
"2009-2010",10.9714285714286,3,75,1.33333333333333
