Years,x3_hr,rank,Probability,Frequency
"2010-2011",9.53333333333333,1,25,4
"2011-2012",9.06666666666667,2,50,2
"2009-2010",6.06666666666667,3,75,1.33333333333333
