Years,x3_hr,rank,Probability,Frequency
"2011-2012",9.56666666666667,1,33.3333333333333,3
"2009-2010",7.2,2,66.6666666666667,1.5
