Years,x3_hr,rank,Probability,Frequency
"2009-2010",10.4,1,33.3333333333333,3
"2010-2011",5.93333333333333,2,66.6666666666667,1.5
