Years,x3_hr,rank,Probability,Frequency
"2010-2011",14.2333333333333,1,25,4
"2011-2012",9.93333333333333,2,50,2
"2009-2010",8.53333333333333,3,75,1.33333333333333
