Years,x3_hr,rank,Probability,Frequency
"2009-2010",14.2,1,25,4
"2010-2011",7.26666666666667,2,50,2
"2011-2012",6.33333333333333,3,75,1.33333333333333
