Years,x3_hr,rank,Probability,Frequency
"2019-2020",11.2666666666667,1,25,4
"2021-2022",7.13333333333333,2,50,2
"2020-2021",6.1,3,75,1.33333333333333
