Years,x3_hr,rank,Probability,Frequency
"2010-2011",13.6333333333333,1,25,4
"2009-2010",8.4,2,50,2
"2011-2012",8,3,75,1.33333333333333
