Years,x3_hr,rank,Probability,Frequency
"2010-2011",16.6666666666667,1,33.3333333333333,3
"2009-2010",15.8333333333333,2,66.6666666666667,1.5
