Years,x3_hr,rank,Probability,Frequency
"2009-2010",5.13333333333333,1,33.3333333333333,3
"2010-2011",3.06666666666667,2,66.6666666666667,1.5
