Years,x3_hr,rank,Probability,Frequency
"2010-2011",10.9666666666667,1,25,4
"2009-2010",10.9,2,50,2
"2011-2012",7.46666666666667,3,75,1.33333333333333
