Years,x3_hr,rank,Probability,Frequency
"2009-2010",13.5333333333333,1,25,4
"2010-2011",7.93333333333333,2,50,2
"2011-2012",7.6,3,75,1.33333333333333
