Years,x3_hr,rank,Probability,Frequency
"2011-2012",14.6333333333333,1,25,4
"2010-2011",9.56666666666667,2,50,2
"2009-2010",9.1,3,75,1.33333333333333
