Years,x3_hr,rank,Probability,Frequency
"2011-2012",2.66666666666667,1,33.3333333333333,3
"2010-2011",1.66666666666667,2,66.6666666666667,1.5
