Years,x3_hr,rank,Probability,Frequency
"2009-2010",7.7,1,25,4
"2010-2011",3.03333333333333,2,50,2
"2011-2012",0.0333333333333333,3,75,1.33333333333333
