Years,x3_hr,rank,Probability,Frequency
"2010-2011",11.0666666666667,1,25,4
"2009-2010",7.56666666666667,2,50,2
"2011-2012",6.76666666666667,3,75,1.33333333333333
