Years,x3_hr,rank,Probability,Frequency
"2011-2012",15.5,1,25,4
"2010-2011",14.5,2,50,2
"2009-2010",12.2666666666667,3,75,1.33333333333333
