Years,x40_min,rank,Probability,Frequency
"2011-2012",19.5,1,33.3333333333333,3
"2009-2010",15.9,2,66.6666666666667,1.5
