Years,x40_min,rank,Probability,Frequency
"2009-2010",19.35,1,33.3333333333333,3
"2010-2011",11.7,2,66.6666666666667,1.5
