Years,x40_min,rank,Probability,Frequency
"2011-2012",29.25,1,33.3333333333333,3
"2009-2010",24.3,2,66.6666666666667,1.5
