Years,x40_min,rank,Probability,Frequency
"2016-2017",41.1,1,11.1111111111111,9
"2009-2010",33.75,2,22.2222222222222,4.5
"2012-2013",29.7,3,33.3333333333333,3
"2015-2016",28.2,4,44.4444444444444,2.25
"2014-2015",25.35,5,55.5555555555556,1.8
"2010-2011",25.2,6,66.6666666666667,1.5
"2011-2012",19.05,7,77.7777777777778,1.28571428571429
"2013-2014",16.65,8,88.8888888888889,1.125
