Years,x40_min,rank,Probability,Frequency
"2010-2011",16.5,1,33.3333333333333,3
"2011-2012",13.05,2,66.6666666666667,1.5
