Years,x40_min,rank,Probability,Frequency
"2011-2012",7.65,1,33.3333333333333,3
"2010-2011",3.9,2,66.6666666666667,1.5
