Years,x40_min,rank,Probability,Frequency
"2009-2010",22.05,1,33.3333333333333,3
"2011-2012",19.35,2,66.6666666666667,1.5
