Years,x4_5_hr,rank,Probability,Frequency
"2009-2010",7.64444444444444,1,33.3333333333333,3
"2010-2011",5.8,2,66.6666666666667,1.5
