Years,x4_5_hr,rank,Probability,Frequency
"2011-2012",10.8444444444444,1,25,4
"2010-2011",7.66666666666667,2,50,2
"2009-2010",6.97777777777778,3,75,1.33333333333333
