Years,x4_5_hr,rank,Probability,Frequency
"2011-2012",11.1333333333333,1,25,4
"2009-2010",8.2,2,50,2
"2010-2011",6.26666666666667,3,75,1.33333333333333
