Years,x4_5_hr,rank,Probability,Frequency
"2009-2010",12.5111111111111,1,33.3333333333333,3
"2010-2011",11.9111111111111,2,66.6666666666667,1.5
