Years,x4_5_hr,rank,Probability,Frequency
"2009-2010",6.86666666666667,1,25,4
"2010-2011",2.42222222222222,2,50,2
"2011-2012",0.0222222222222222,3,75,1.33333333333333
