Years,x4_5_hr,rank,Probability,Frequency
"2009-2010",11.5333333333333,1,33.3333333333333,3
"2011-2012",6.35555555555556,2,66.6666666666667,1.5
