Years,x4_5_hr,rank,Probability,Frequency
"2010-2011",7.64444444444444,1,25,4
"2011-2012",6.04444444444444,2,50,2
"2009-2010",4.11111111111111,3,75,1.33333333333333
