Years,x4_5_hr,rank,Probability,Frequency
"2010-2011",9.97777777777778,1,25,4
"2009-2010",7.42222222222222,2,50,2
"2011-2012",6.62222222222222,3,75,1.33333333333333
