Years,x4_5_hr,rank,Probability,Frequency
"2011-2012",14.8222222222222,1,25,4
"2010-2011",8.95555555555556,2,50,2
"2009-2010",6.84444444444444,3,75,1.33333333333333
