Years,x4_5_hr,rank,Probability,Frequency
"2009-2010",3.66666666666667,1,33.3333333333333,3
"2010-2011",2.48888888888889,2,66.6666666666667,1.5
