Years,x4_5_hr,rank,Probability,Frequency
"2010-2011",9.2,1,25,4
"2009-2010",6.06666666666667,2,50,2
"2011-2012",3.68888888888889,3,75,1.33333333333333
