Years,x4_5_hr,rank,Probability,Frequency
"2009-2010",11.6222222222222,1,25,4
"2010-2011",6.4,2,50,2
"2011-2012",6.11111111111111,3,75,1.33333333333333
