Years,x4_5_hr,rank,Probability,Frequency
"2010-2011",7.73333333333333,1,25,4
"2009-2010",7.71111111111111,2,50,2
"2011-2012",6.15555555555556,3,75,1.33333333333333
