Years,x4_5_hr,rank,Probability,Frequency
"2010-2011",13.7555555555556,1,25,4
"2009-2010",7.24444444444444,2,50,2
"2011-2012",5.4,3,75,1.33333333333333
