Years,x4_5_hr,rank,Probability,Frequency
"2009-2010",8.04444444444444,1,25,4
"2011-2012",6.95555555555556,2,50,2
"2010-2011",5.02222222222222,3,75,1.33333333333333
