Years,x4_5_hr,rank,Probability,Frequency
"2019-2020",7.91111111111111,1,25,4
"2021-2022",6.33333333333333,2,50,2
"2020-2021",5.62222222222222,3,75,1.33333333333333
