Years,x4_5_hr,rank,Probability,Frequency
"2010-2011",7.82222222222222,1,25,4
"2009-2010",7.02222222222222,2,50,2
"2011-2012",5.88888888888889,3,75,1.33333333333333
