Years,x4_5_hr,rank,Probability,Frequency
"2011-2012",1.95555555555556,1,33.3333333333333,3
"2010-2011",1.35555555555556,2,66.6666666666667,1.5
