Years,x4_5_hr,rank,Probability,Frequency
"2009-2010",6.82222222222222,1,33.3333333333333,3
"2011-2012",3.62222222222222,2,66.6666666666667,1.5
