Years,x4_5_hr,rank,Probability,Frequency
"2010-2011",15.0444444444444,1,25,4
"2009-2010",13.4222222222222,2,50,2
"2011-2012",13.3555555555556,3,75,1.33333333333333
