Years,x4_5_hr,rank,Probability,Frequency
"2011-2012",12,1,25,4
"2010-2011",11.8666666666667,2,50,2
"2009-2010",9.66666666666667,3,75,1.33333333333333
