Years,x4_5_hr,rank,Probability,Frequency
"2009-2010",6.95555555555556,1,33.3333333333333,3
"2011-2012",4.11111111111111,2,66.6666666666667,1.5
