Years,x4_5_hr,rank,Probability,Frequency
"2009-2010",10.8888888888889,1,25,4
"2011-2012",6.57777777777778,2,50,2
"2010-2011",6.4,3,75,1.33333333333333
