Years,x4_5_hr,rank,Probability,Frequency
"2010-2011",8.4,1,25,4
"2011-2012",6.4,2,50,2
"2009-2010",4.95555555555556,3,75,1.33333333333333
