Years,x4_5_hr,rank,Probability,Frequency
"2011-2012",10.6222222222222,1,33.3333333333333,3
"2009-2010",9.48888888888889,2,66.6666666666667,1.5
