Years,x4_5_hr,rank,Probability,Frequency
"2011-2012",8.04444444444444,1,33.3333333333333,3
"2009-2010",7.86666666666667,2,66.6666666666667,1.5
