Years,x4_5_hr,rank,Probability,Frequency
"2011-2012",6.73333333333333,1,25,4
"2010-2011",6.64444444444444,2,50,2
"2009-2010",5.55555555555556,3,75,1.33333333333333
