Years,x4_hr,rank,Probability,Frequency
"2009-2010",8.55,1,33.3333333333333,3
"2010-2011",5.575,2,66.6666666666667,1.5
