Years,x4_hr,rank,Probability,Frequency
"2011-2012",4.5,1,33.3333333333333,3
"2010-2011",4.025,2,66.6666666666667,1.5
