Years,x4_hr,rank,Probability,Frequency
"2009-2010",2.525,1,33.3333333333333,3
"2010-2011",1.85,2,66.6666666666667,1.5
