Years,x4_hr,rank,Probability,Frequency
"2011-2012",4.35,1,33.3333333333333,3
"2010-2011",3.7,2,66.6666666666667,1.5
