Years,x4_hr,rank,Probability,Frequency
"2009-2010",9.75,1,33.3333333333333,3
"2011-2012",6.975,2,66.6666666666667,1.5
