Years,x4_hr,rank,Probability,Frequency
"2011-2012",8.525,1,33.3333333333333,3
"2009-2010",6.175,2,66.6666666666667,1.5
