Years,x50_min,rank,Probability,Frequency
"2009-2010",43.44,1,33.3333333333333,3
"2011-2012",20.64,2,66.6666666666667,1.5
