Years,x50_min,rank,Probability,Frequency
"2010-2011",14.16,1,33.3333333333333,3
"2011-2012",11.16,2,66.6666666666667,1.5
