Years,x50_min,rank,Probability,Frequency
"2009-2010",19.32,1,33.3333333333333,3
"2010-2011",9.48,2,66.6666666666667,1.5
