Years,x50_min,rank,Probability,Frequency
"2009-2010",9.84,1,33.3333333333333,3
"2010-2011",1.8,2,66.6666666666667,1.5
