Years,x50_min,rank,Probability,Frequency
"2011-2012",16.44,1,33.3333333333333,3
"2009-2010",11.52,2,66.6666666666667,1.5
