Years,x50_min,rank,Probability,Frequency
"2010-2011",8.88,1,33.3333333333333,3
"2009-2010",7.92,2,66.6666666666667,1.5
