Years,x5_hr,rank,Probability,Frequency
"2011-2012",5.82,1,33.3333333333333,3
"2009-2010",4.26,2,66.6666666666667,1.5
