Years,x5_hr,rank,Probability,Frequency
"2019-2020",5.2,1,16.6666666666667,6
"2018-2019",3.44,2,33.3333333333333,3
"2017-2018",1.98,3,50,2
"2021-2022",1.94,4,66.6666666666667,1.5
"2020-2021",1.62,5,83.3333333333333,1.2
