Years,x5_hr,rank,Probability,Frequency
"2011-2012",1.98,1,33.3333333333333,3
"2010-2011",1.22,2,66.6666666666667,1.5
