Years,x5_hr,rank,Probability,Frequency
"2009-2010",4.92,1,33.3333333333333,3
"2011-2012",3.72,2,66.6666666666667,1.5
