Years,x5_hr,rank,Probability,Frequency
"2010-2011",8.42,1,16.6666666666667,6
"2009-2010",7.08,2,33.3333333333333,3
"2002-2003",6.4,3,50,2
"2011-2012",5.88,4,66.6666666666667,1.5
"2008-2009",5.3,5,83.3333333333333,1.2
