Years,x6_hr,rank,Probability,Frequency
"2011-2012",9.16666666666667,1,25,4
"2010-2011",6.9,2,50,2
"2009-2010",5.81666666666667,3,75,1.33333333333333
