Years,x6_hr,rank,Probability,Frequency
"2010-2011",8.15,1,25,4
"2009-2010",6.68333333333333,2,50,2
"2011-2012",5.28333333333333,3,75,1.33333333333333
