Years,x6_hr,rank,Probability,Frequency
"2009-2010",9.3,1,25,4
"2011-2012",5.66666666666667,2,50,2
"2010-2011",5.48333333333333,3,75,1.33333333333333
