Years,x6_hr,rank,Probability,Frequency
"2011-2012",3.61666666666667,1,33.3333333333333,3
"2010-2011",2.53333333333333,2,66.6666666666667,1.5
