Years,x6_hr,rank,Probability,Frequency
"2011-2012",3.9,1,33.3333333333333,3
"2010-2011",3.5,2,66.6666666666667,1.5
