Years,x6_hr,rank,Probability,Frequency
"2009-2010",4.9,1,33.3333333333333,3
"2011-2012",3.3,2,66.6666666666667,1.5
