Years,x6_hr,rank,Probability,Frequency
"2009-2010",10.7166666666667,1,33.3333333333333,3
"2010-2011",9.33333333333333,2,66.6666666666667,1.5
