Years,x6_hr,rank,Probability,Frequency
"2011-2012",6.73333333333333,1,33.3333333333333,3
"2009-2010",6.35,2,66.6666666666667,1.5
