Years,x6_hr,rank,Probability,Frequency
"2009-2010",5.71666666666667,1,25,4
"2010-2011",1.98333333333333,2,50,2
"2011-2012",0.0166666666666667,3,75,1.33333333333333
