Years,x6_hr,rank,Probability,Frequency
"2009-2010",6.58333333333333,1,25,4
"2011-2012",5.7,2,50,2
"2010-2011",4.38333333333333,3,75,1.33333333333333
