Years,x6_hr,rank,Probability,Frequency
"2009-2010",9.61666666666667,1,25,4
"2010-2011",6.2,2,50,2
"2011-2012",6,3,75,1.33333333333333
