Years,x6_hr,rank,Probability,Frequency
"2009-2010",12.3833333333333,1,25,4
"2010-2011",11.45,2,50,2
"2011-2012",11.35,3,75,1.33333333333333
