Years,x6_hr,rank,Probability,Frequency
"2011-2012",4.85,1,33.3333333333333,3
"2009-2010",3.61666666666667,2,66.6666666666667,1.5
