Years,x6_hr,rank,Probability,Frequency
"2011-2012",6.68333333333333,1,25,4
"2010-2011",5.85,2,50,2
"2009-2010",4.8,3,75,1.33333333333333
