Years,x6_hr,rank,Probability,Frequency
"2011-2012",11.1333333333333,1,25,4
"2010-2011",7.31666666666667,2,50,2
"2009-2010",5.68333333333333,3,75,1.33333333333333
