Years,x6_hr,rank,Probability,Frequency
"2010-2011",6.56666666666667,1,25,4
"2011-2012",4.53333333333333,2,50,2
"2009-2010",3.45,3,75,1.33333333333333
