Years,x6_hr,rank,Probability,Frequency
"2010-2011",6.98333333333333,1,25,4
"2009-2010",5.23333333333333,2,50,2
"2011-2012",3.03333333333333,3,75,1.33333333333333
