Years,x6_hr,rank,Probability,Frequency
"2011-2012",10.0666666666667,1,25,4
"2010-2011",9.08333333333333,2,50,2
"2009-2010",7.66666666666667,3,75,1.33333333333333
