Years,x6_hr,rank,Probability,Frequency
"2010-2011",6.86666666666667,1,25,4
"2009-2010",5.83333333333333,2,50,2
"2011-2012",5.11666666666667,3,75,1.33333333333333
